{"cameraMode":{"drawMode":0,"name":"Shaded","section":"Shading Mode"},"sceneLighting":true,"audioPlay":false,"sceneViewState":{"showFog":true,"showMaterialUpdate":false,"showSkybox":true,"showFlares":true,"showImageEffects":true,"showParticleSystems":true},"in2DMode":false,"pivot":{"x":103.14509582519531,"y":-89.47566986083985,"z":117.09909057617188},"rotation":{"x":-0.08873821794986725,"y":-0.5510421395301819,"z":0.059082187712192538,"w":-0.827639639377594},"size":118.3017349243164,"orthographic":false}