{"cameraMode":{"drawMode":0,"name":"Shaded","section":"Shading Mode"},"sceneLighting":true,"audioPlay":false,"sceneViewState":{"showFog":true,"showMaterialUpdate":false,"showSkybox":true,"showFlares":true,"showImageEffects":true,"showParticleSystems":true},"in2DMode":false,"pivot":{"x":2.513789653778076,"y":-67.37629699707031,"z":71.4966812133789},"rotation":{"x":-0.14341667294502259,"y":0.07326105982065201,"z":-0.010646258480846882,"w":-0.986889660358429},"size":4.501252174377441,"orthographic":false}